0x06de17170c3c2a5bd3377e76edc56631048c854f,FDEX,-,-,-,1
0x0179fd23b5df2a2d22232455859da081aca6a8d1,FilxToken,-,-,-,1
0x070de2b048abf3201207e7ebbc566d504125352e,KryptoredeemToken,-,-,-,1
0x0168e2cc53d069876ff0a8963f91a9c4900a5ca6,DTokenController,-,-,-,1
0x05b0b5d1261781814ca3a6ecbd3ba1cd863f04a1,MWT,-,-,-,1
0x051451fd23d345409383ba62dc807275b48b5008,xDFINITY,-,-,-,1
0x07b1f172268e1737c3176b50033dcbd7755284ee,ZTokens_ERC20,-,-,-,1
0x075d5851226b663fd015b6d1c5b174c77d2b9310,BTLToken,-,-,-,1
0x0215b64750d6325dd191d4d9d04555ca72dba7b6,KKKFUND,-,-,-,1
0x027b8cd9c1761651048a65eab2f8d4ed9b97a59b,ZTokens_ERC20,-,-,-,1
0x0000009d48b12597675a02fca9c317eadef152cb,MiningExpert,-,-,1,-
0x9dd19d747495e8148a535a179a5af1cf618bd0fa,Stacks,-,-,1,-
0x214d169752c0c00e8ab779933b47eb6557f7e7fb,ECC,-,-,1,-
0xa738ab04a24575b378749af890064853eee46016,CuraAnnonae,-,-,1,-
0xcd1ffa25a99b0970f290a500fa68356dc628aa15,StakingLP,-,-,1,-
0xf65b0609a5ad639d68fd6695dbb7975650ed8142,oPAW,-,-,1,-
0x24cb1ee978af9b4fc1c11269135c9229462bf69a,Builtchain,-,-,1,-
0x27c743954bce1bfaef8bcbd685527531001d88d7,SafeUpgradeableTokenERC20,-,-,1,-
0x1ed45fa28da61f860efdd9331df7ec17afa3abb2,sMartSwap,-,-,1,-
0x2775f6a7bfd79ae40df054fee3e7d4036a28458d,TokenContract,-,-,1,-
0x23996b50edc117c51c3c7176cfcb603c346e992e,Private,-,-,1,-
0x2565ae0385659badcada1031db704442e1b69982,AssembleToken,-,-,1,-
0x270f586d8d5c51ba3af8f4741feff00230a447ad,OTCBalancer,-,-,1,-
0x0669f97be1948804fda3cdd745f9ead2356aecef,ERC20,-,-,1,-
0x252f851f4daf781bdeb4104e78bdcd287c0f659f,PumpkinVault,-,-,1,-
0x075f0fa71550ddb9d10bedd55e717f80176b0481,CardRPS,-,1,-,-
0xcf9ff69111bfdbab2245075c8c59950cd8b5976d,Ethskytrix,-,1,-,-
0x0517deaa96c1d9b5a642e20f6831c01731a384aa,ERC20,-,1,-,-
0x22ef8c4b9855b0453e06a3cc6ccf314cbcea5773,Timelock,-,1,-,-
0xfe2b09980d1f579e13a0ce3f45ab240d5b1c2f6b,MinimalTimeLockFlat,-,1,-,-
0x069d7af2443e7e9c7f3228a1f739a92decfe65fc,AmunRewarder,-,1,-,-
0xb6d64221451edbac7736d4c3da7fc827457dec03,BaseWallet,-,1,-,-
0xd76b7060f1b646fa14740ff6ac670a4f0a6fc5e3,DaiHandlerProxy,-,1,-,-
0xd72a60b6e373961feed0bcb4d38ef53a98590933,MileWallet,-,1,-,-
0x0e909c4bed614f701d5bb62785aeaa2db94075cf,UserContractRegistry,-,1,-,-
0x22e84cb17a55d618138911549e28310a84f888de,eeplus,-,1,-,-
0xcf22bea5113e4fe38babefd6973b5383667cb5b3,YFVault,-,1,-,-
0x26b5b2f651106bff5855698a942942affa05b419,KABBALAHOCCULT,-,1,-,-
0x0c7be37b00c1d3127c09da66fadf3d6eb600dece,MOONC,-,1,-,-
0xf7aa325404f81cf34268657ddf2d046763a8c4ed,Timelock,-,1,-,-
0x50105a8699f396caf32ce6978ff0df592d7fee20,Token,1,-,-,-
0x1dfaa319944eb24cc46d1778c42f639da2c651f5,LIZS,1,-,-,-
0xBE7D77A4be50EAF8E34Df74944bf06AB9D08773D,ReferStorage,1,-,-,-
0xcf8505a64251815f9e062271cf98a46cb5be64fd,LIZSAKE,1,-,-,-
0x2e320fe846581f2ddc73ca391cbbe01d9968d5fb,GozePayToken,1,-,-,-
0xa39f81b4f9ac3e46110454cc17148d688f05bea3,BZRxOTCSale,1,-,-,-
0x0bfa3b4ab5bb54a920783aedc46101bf4bcad7a0,ETH2DW,1,-,-,-
0x939aa1eca62ddd3f782a61c1b346b53687252ef6,Syndicate,1,-,-,-
0xa562dc7657c333cac710175ae658ffa6f9414bbc,BITFRIENDZ,1,-,-,-
0xbaea5bc6568dcb1f1c5aa24223a47333a6b3a8f5,TrustlessOTC,1,-,-,-
0x76b1b6815f739104c9deab4d285a8ca3e33de3b5,Token,1,-,-,-
0xf56d0e61adeecd42e7d847173d7815f1d53c30ed,BlockdBuildDemo,1,-,-,-
0xe69347dda5ab4df9d2cc269c53f515ffc0d40f7f,UnlockVideo,1,-,-,-
0xff856149b80762752158a0709187176955612722,BZRxOTCSwapSimple,1,-,-,-
0xc9109587a84522508e432daf4e1c5d64893dc182,ERC20,1,-,-,-
